filename,phs,num_participants
000001.xml,phs000001,600
000003.xml,phs000003,1283
000004.xml,phs000004,1300
000005.xml,phs000005,485
000007.xml,phs000007,14277
000016.xml,phs000016,2835
000017.xml,phs000017,3261
000018.xml,phs000018,1825
000019.xml,phs000019,2875
000020.xml,phs000020,3741
000021.xml,phs000021,5066
000048.xml,phs000048,1550
000049.xml,phs000049,0
000050.xml,phs000050,
000086.xml,phs000086,1441
000088.xml,phs000088,1206
000089.xml,phs000089,535
000090.xml,phs000090,13100
000091.xml,phs000091,5961
000092.xml,phs000092,4121
000093.xml,phs000093,5588
000094.xml,phs000094,7599
000095.xml,phs000095,4073
000096.xml,phs000096,2929
000099.xml,phs000099,3572
000100.xml,phs000100,2335
000101.xml,phs000101,544
000102.xml,phs000102,485
000103.xml,phs000103,3840
000122.xml,phs000122,4651
000123.xml,phs000123,1260
000124.xml,phs000124,5987
000125.xml,phs000125,1945
000126.xml,phs000126,
000127.xml,phs000127,432
000128.xml,phs000128,7130
000130.xml,phs000130,1963
000138.xml,phs000138,1500
000139.xml,phs000139,3002
000140.xml,phs000140,2070
000142.xml,phs000142,Not found
000143.xml,phs000143,2000
000144.xml,phs000144,384
000145.xml,phs000145,4481
000147.xml,phs000147,2400
000153.xml,phs000153,
000159.xml,phs000159,1
000160.xml,phs000160,Not found
000166.xml,phs000166,5000
000167.xml,phs000167,2799
000168.xml,phs000168,4700
000169.xml,phs000169,2400
000170.xml,phs000170,3951
000171.xml,phs000171,1880
000178.xml,phs000178,5000
000179.xml,phs000179,1000
000180.xml,phs000180,4000
000181.xml,phs000181,Not found
000182.xml,phs000182,2500
000183.xml,phs000183,2072
000184.xml,phs000184,1260
000185.xml,phs000185,1260
000187.xml,phs000187,3000
000188.xml,phs000188,2935
000196.xml,phs000196,3986
000197.xml,phs000197,
000198.xml,phs000198,1519
000199.xml,phs000199,2026
000200.xml,phs000200,12008
000201.xml,phs000201,172
000202.xml,phs000202,306
000203.xml,phs000203,3372
000204.xml,phs000204,3
000205.xml,phs000205,
000206.xml,phs000206,9500
000207.xml,phs000207,Not found
000208.xml,phs000208,13941
000209.xml,phs000209,8298
000210.xml,phs000210,500
000211.xml,phs000211,400
000215.xml,phs000215,
000216.xml,phs000216,1051
000217.xml,phs000217,11159
000218.xml,phs000218,4650
000219.xml,phs000219,Not found
000220.xml,phs000220,34724
000221.xml,phs000221,4000
000222.xml,phs000222,
000223.xml,phs000223,
000224.xml,phs000224,3000
000225.xml,phs000225,
000226.xml,phs000226,3869
000227.xml,phs000227,21000
000228.xml,phs000228,250
000233.xml,phs000233,9056
000234.xml,phs000234,3648
000235.xml,phs000235,700
000236.xml,phs000236,33000
000237.xml,phs000237,3506
000238.xml,phs000238,4000
000239.xml,phs000239,6
000240.xml,phs000240,1077
000244.xml,phs000244,4
000245.xml,phs000245,1
000246.xml,phs000246,2500
000247.xml,phs000247,15
000248.xml,phs000248,3000
000249.xml,phs000249,
000250.xml,phs000250,350
000251.xml,phs000251,
000252.xml,phs000252,60
000253.xml,phs000253,
000254.xml,phs000254,94
000255.xml,phs000255,330
000256.xml,phs000256,165
000257.xml,phs000257,36
000258.xml,phs000258,150
000259.xml,phs000259,18
000260.xml,phs000260,
000261.xml,phs000261,40
000262.xml,phs000262,60
000263.xml,phs000263,
000264.xml,phs000264,250
000265.xml,phs000265,40
000266.xml,phs000266,50
000267.xml,phs000267,4500
000268.xml,phs000268,186
000269.xml,phs000269,700
000272.xml,phs000272,2527
000273.xml,phs000273,25
000274.xml,phs000274,2300
000275.xml,phs000275,924
000276.xml,phs000276,4500
000277.xml,phs000277,3550
000279.xml,phs000279,500
000280.xml,phs000280,12700
000281.xml,phs000281,5500
000282.xml,phs000282,14000
000283.xml,phs000283,6814
000284.xml,phs000284,704
000285.xml,phs000285,12700
000286.xml,phs000286,3400
000287.xml,phs000287,5888
000288.xml,phs000288,300
000289.xml,phs000289,2600
000290.xml,phs000290,100
000291.xml,phs000291,96
000292.xml,phs000292,3100
000293.xml,phs000293,2507
000294.xml,phs000294,
000295.xml,phs000295,
000296.xml,phs000296,200
000297.xml,phs000297,5500
000298.xml,phs000298,20000
000299.xml,phs000299,
000300.xml,phs000300,2000
000301.xml,phs000301,5279
000302.xml,phs000302,360
000303.xml,phs000303,2500
000304.xml,phs000304,1151
000305.xml,phs000305,
000306.xml,phs000306,5000
000307.xml,phs000307,1600
000308.xml,phs000308,2200
000309.xml,phs000309,12700
000310.xml,phs000310,25
000311.xml,phs000311,6
000313.xml,phs000313,121
000314.xml,phs000314,1783
000315.xml,phs000315,4930
000327.xml,phs000327,100
000328.xml,phs000328,79
000329.xml,phs000329,20
000330.xml,phs000330,7
000331.xml,phs000331,832
000332.xml,phs000332,2000
000333.xml,phs000333,5400
000334.xml,phs000334,200
000335.xml,phs000335,4200
000336.xml,phs000336,11517
000337.xml,phs000337,
000338.xml,phs000338,1412
000339.xml,phs000339,124
000340.xml,phs000340,14
000341.xml,phs000341,128
000342.xml,phs000342,
000343.xml,phs000343,2164
000344.xml,phs000344,902
000345.xml,phs000345,
000346.xml,phs000346,8652
000347.xml,phs000347,14
000348.xml,phs000348,250
000349.xml,phs000349,944
000350.xml,phs000350,68
000351.xml,phs000351,4984
000352.xml,phs000352,4
000353.xml,phs000353,
000354.xml,phs000354,12
000355.xml,phs000355,2414
000356.xml,phs000356,85000
000357.xml,phs000357,990
000358.xml,phs000358,2200
000359.xml,phs000359,4
000360.xml,phs000360,19000
000361.xml,phs000361,7657
000362.xml,phs000362,12
000363.xml,phs000363,
000364.xml,phs000364,5
000365.xml,phs000365,3
000366.xml,phs000366,1200
000367.xml,phs000367,703
000368.xml,phs000368,4362
000369.xml,phs000369,110
000370.xml,phs000370,92
000371.xml,phs000371,3000
000372.xml,phs000372,
000373.xml,phs000373,5200
000374.xml,phs000374,9
000375.xml,phs000375,3250
000376.xml,phs000376,44
000377.xml,phs000377,5888
000378.xml,phs000378,1238
000379.xml,phs000379,2072
000380.xml,phs000380,982
000381.xml,phs000381,1247
000382.xml,phs000382,20
000383.xml,phs000383,3780
000384.xml,phs000384,4
000385.xml,phs000385,100
000386.xml,phs000386,12008
000387.xml,phs000387,919
000388.xml,phs000388,3034
000389.xml,phs000389,1726
000390.xml,phs000390,1600
000391.xml,phs000391,676
000392.xml,phs000392,1
000393.xml,phs000393,2500
000394.xml,phs000394,1000
000395.xml,phs000395,880
000396.xml,phs000396,
000397.xml,phs000397,5000
000398.xml,phs000398,2000
000399.xml,phs000399,2000
000400.xml,phs000400,2000
000401.xml,phs000401,2000
000402.xml,phs000402,2000
000403.xml,phs000403,2000
000404.xml,phs000404,3466
000405.xml,phs000405,
000406.xml,phs000406,7
000407.xml,phs000407,
000408.xml,phs000408,984
000409.xml,phs000409,40
000410.xml,phs000410,115
000413.xml,phs000413,14
000414.xml,phs000414,17
000415.xml,phs000415,115
000416.xml,phs000416,3800
000417.xml,phs000417,269
000418.xml,phs000418,8
000419.xml,phs000419,1
000420.xml,phs000420,8298
000421.xml,phs000421,2206
000422.xml,phs000422,200
000423.xml,phs000423,1040
000424.xml,phs000424,900
000425.xml,phs000425,3000
000426.xml,phs000426,
000427.xml,phs000427,
000428.xml,phs000428,6920
000429.xml,phs000429,3906
000430.xml,phs000430,971
000431.xml,phs000431,3621
000432.xml,phs000432,500
000433.xml,phs000433,
000434.xml,phs000434,7
000435.xml,phs000435,91
000436.xml,phs000436,1232
000437.xml,phs000437,
000438.xml,phs000438,717
000439.xml,phs000439,1888
000440.xml,phs000440,
000441.xml,phs000441,5000
000442.xml,phs000442,96
000443.xml,phs000443,82
000444.xml,phs000444,
000445.xml,phs000445,20
000447.xml,phs000447,200
000448.xml,phs000448,2544
000449.xml,phs000449,47
000450.xml,phs000450,9
000451.xml,phs000451,2
000452.xml,phs000452,200
000454.xml,phs000454,4000
000455.xml,phs000455,300
000456.xml,phs000456,
000457.xml,phs000457,300
000458.xml,phs000458,200
000459.xml,phs000459,115
000460.xml,phs000460,1682
000461.xml,phs000461,100
000462.xml,phs000462,600
000463.xml,phs000463,279
000464.xml,phs000464,1180
000465.xml,phs000465,800
000466.xml,phs000466,14
000467.xml,phs000467,1200
000468.xml,phs000468,300
000469.xml,phs000469,450
000470.xml,phs000470,70
000471.xml,phs000471,120
000472.xml,phs000472,46
000473.xml,phs000473,1000
000474.xml,phs000474,32
000475.xml,phs000475,1
000476.xml,phs000476,20
000477.xml,phs000477,31
000478.xml,phs000478,13
000479.xml,phs000479,29
000480.xml,phs000480,100
000481.xml,phs000481,592
000482.xml,phs000482,617
000483.xml,phs000483,1536
000484.xml,phs000484,7
000485.xml,phs000485,4
000486.xml,phs000486,5000
000487.xml,phs000487,1903
000488.xml,phs000488,150
000489.xml,phs000489,215
000490.xml,phs000490,8000
000491.xml,phs000491,3
000492.xml,phs000492,58
000493.xml,phs000493,200
000494.xml,phs000494,4500
000495.xml,phs000495,1500
000496.xml,phs000496,3237
000497.xml,phs000497,276
000498.xml,phs000498,2000
000499.xml,phs000499,2200
000500.xml,phs000500,6
000501.xml,phs000501,
000502.xml,phs000502,8
000503.xml,phs000503,4347
000504.xml,phs000504,94
000505.xml,phs000505,9
000506.xml,phs000506,6972
000507.xml,phs000507,1200
000508.xml,phs000508,35
000509.xml,phs000509,150
000510.xml,phs000510,3600
000511.xml,phs000511,48
000512.xml,phs000512,100
000513.xml,phs000513,
000514.xml,phs000514,19
000515.xml,phs000515,30
000516.xml,phs000516,24
000517.xml,phs000517,
000518.xml,phs000518,24
000519.xml,phs000519,3963
000520.xml,phs000520,3150
000521.xml,phs000521,
000522.xml,phs000522,6
000523.xml,phs000523,1894
000524.xml,phs000524,3500
000525.xml,phs000525,293
000527.xml,phs000527,40
000528.xml,phs000528,150
000529.xml,phs000529,150
000530.xml,phs000530,150
000531.xml,phs000531,22
000532.xml,phs000532,117
000533.xml,phs000533,13
000534.xml,phs000534,35
000535.xml,phs000535,15
000536.xml,phs000536,16
000537.xml,phs000537,4
000538.xml,phs000538,6
000539.xml,phs000539,6
000540.xml,phs000540,8
000541.xml,phs000541,7
000542.xml,phs000542,6
000543.xml,phs000543,15
000544.xml,phs000544,276
000545.xml,phs000545,1100
000546.xml,phs000546,100
000547.xml,phs000547,
000548.xml,phs000548,100
000549.xml,phs000549,6
000550.xml,phs000550,3
000551.xml,phs000551,600
000552.xml,phs000552,17
000553.xml,phs000553,6
000554.xml,phs000554,
000555.xml,phs000555,12272
000556.xml,phs000556,6
000557.xml,phs000557,12700
000558.xml,phs000558,1
000559.xml,phs000559,
000560.xml,phs000560,845
000561.xml,phs000561,11
000562.xml,phs000562,59
000563.xml,phs000563,3
000564.xml,phs000564,255
000565.xml,phs000565,200
000567.xml,phs000567,27
000568.xml,phs000568,22
000569.xml,phs000569,825
000570.xml,phs000570,178
000571.xml,phs000571,10000
000572.xml,phs000572,
000573.xml,phs000573,94
000574.xml,phs000574,
000575.xml,phs000575,
000576.xml,phs000576,
000577.xml,phs000577,
000578.xml,phs000578,
000579.xml,phs000579,60
000580.xml,phs000580,
000581.xml,phs000581,48
000582.xml,phs000582,12
000583.xml,phs000583,2030
000584.xml,phs000584,1172
000585.xml,phs000585,69395
000586.xml,phs000586,1000
000587.xml,phs000587,24
000588.xml,phs000588,
000589.xml,phs000589,
000590.xml,phs000590,
000591.xml,phs000591,
000592.xml,phs000592,
000593.xml,phs000593,
000594.xml,phs000594,
000595.xml,phs000595,
000596.xml,phs000596,
000597.xml,phs000597,17
000598.xml,phs000598,200
000599.xml,phs000599,
000600.xml,phs000600,118
000601.xml,phs000601,10
000602.xml,phs000602,4
000603.xml,phs000603,
000604.xml,phs000604,1472
000605.xml,phs000605,
000606.xml,phs000606,
000607.xml,phs000607,9500
000608.xml,phs000608,1494
000609.xml,phs000609,28
000610.xml,phs000610,200
000611.xml,phs000611,13
000612.xml,phs000612,60
000613.xml,phs000613,12700
000614.xml,phs000614,1
000615.xml,phs000615,10507
000616.xml,phs000616,815
000617.xml,phs000617,292
000618.xml,phs000618,4350
000619.xml,phs000619,820
000620.xml,phs000620,6784
000621.xml,phs000621,215
000622.xml,phs000622,3700
000623.xml,phs000623,130
000624.xml,phs000624,400
000625.xml,phs000625,5577
000626.xml,phs000626,2
000627.xml,phs000627,87
000628.xml,phs000628,
000629.xml,phs000629,1787
000630.xml,phs000630,1440
000631.xml,phs000631,2200
000632.xml,phs000632,8
000633.xml,phs000633,29
000634.xml,phs000634,3063
000635.xml,phs000635,246
000636.xml,phs000636,45
000637.xml,phs000637,1279
000638.xml,phs000638,2535
000639.xml,phs000639,765
000640.xml,phs000640,
000641.xml,phs000641,15
000642.xml,phs000642,
000643.xml,phs000643,
000644.xml,phs000644,20
000645.xml,phs000645,2
000646.xml,phs000646,3
000647.xml,phs000647,13
000648.xml,phs000648,8000
000649.xml,phs000649,768
000650.xml,phs000650,1500
000651.xml,phs000651,1450
000652.xml,phs000652,
000653.xml,phs000653,4000
000654.xml,phs000654,871
000655.xml,phs000655,64
000656.xml,phs000656,28
000657.xml,phs000657,9
000658.xml,phs000658,
000659.xml,phs000659,78
000660.xml,phs000660,12
000661.xml,phs000661,870
000662.xml,phs000662,400
000663.xml,phs000663,565
000664.xml,phs000664,
000665.xml,phs000665,1
000666.xml,phs000666,27
000667.xml,phs000667,
000668.xml,phs000668,2952
000669.xml,phs000669,6973
000670.xml,phs000670,
000671.xml,phs000671,10
000672.xml,phs000672,3500
000673.xml,phs000673,400
000674.xml,phs000674,100000
000675.xml,phs000675,5832
000676.xml,phs000676,8
000677.xml,phs000677,
000678.xml,phs000678,3324
000679.xml,phs000679,
000680.xml,phs000680,2
000681.xml,phs000681,3232
000682.xml,phs000682,195
000684.xml,phs000684,2500
000685.xml,phs000685,3124
000686.xml,phs000686,
000687.xml,phs000687,1844
000688.xml,phs000688,
000689.xml,phs000689,47
000690.xml,phs000690,60
000691.xml,phs000691,800
000692.xml,phs000692,294
000693.xml,phs000693,5000
000694.xml,phs000694,12
000695.xml,phs000695,
000696.xml,phs000696,15
000697.xml,phs000697,
000698.xml,phs000698,
000699.xml,phs000699,59
000700.xml,phs000700,500
000701.xml,phs000701,
000702.xml,phs000702,2222
000703.xml,phs000703,3260
000704.xml,phs000704,
000705.xml,phs000705,
000706.xml,phs000706,1
000707.xml,phs000707,20
000708.xml,phs000708,
000709.xml,phs000709,9
000710.xml,phs000710,
000711.xml,phs000711,5000
000712.xml,phs000712,500
000713.xml,phs000713,708
000714.xml,phs000714,4000
000715.xml,phs000715,35
000716.xml,phs000716,
000717.xml,phs000717,5
000718.xml,phs000718,2400
000719.xml,phs000719,99
000720.xml,phs000720,147
000721.xml,phs000721,100
000722.xml,phs000722,1109
000723.xml,phs000723,15
000724.xml,phs000724,2280
000725.xml,phs000725,300
000726.xml,phs000726,
000727.xml,phs000727,225
000728.xml,phs000728,240
000729.xml,phs000729,12
000730.xml,phs000730,
000731.xml,phs000731,7
000732.xml,phs000732,20
000733.xml,phs000733,4170
000734.xml,phs000734,3500
000735.xml,phs000735,48
000737.xml,phs000737,1517
000738.xml,phs000738,500
000739.xml,phs000739,2
000740.xml,phs000740,30
000741.xml,phs000741,40
000742.xml,phs000742,4150
000743.xml,phs000743,10000
000744.xml,phs000744,6000
000745.xml,phs000745,
000746.xml,phs000746,30000
000747.xml,phs000747,10
000748.xml,phs000748,1000
000749.xml,phs000749,1000
000750.xml,phs000750,251
000751.xml,phs000751,
000752.xml,phs000752,5000
000753.xml,phs000753,2291
000754.xml,phs000754,
000755.xml,phs000755,
000756.xml,phs000756,
000757.xml,phs000757,84
000758.xml,phs000758,21
000759.xml,phs000759,13
000760.xml,phs000760,15
000761.xml,phs000761,5000
000762.xml,phs000762,1818
000763.xml,phs000763,2282
000764.xml,phs000764,
000765.xml,phs000765,1000
000766.xml,phs000766,4966
000767.xml,phs000767,40
000768.xml,phs000768,6
000769.xml,phs000769,
000770.xml,phs000770,35
000771.xml,phs000771,100
000772.xml,phs000772,805
000773.xml,phs000773,1
000774.xml,phs000774,11000
000775.xml,phs000775,2226
000776.xml,phs000776,35
000777.xml,phs000777,10
000778.xml,phs000778,10
000779.xml,phs000779,2100
000780.xml,phs000780,10
000781.xml,phs000781,3127
000782.xml,phs000782,10
000783.xml,phs000783,275
000784.xml,phs000784,
000785.xml,phs000785,110
000786.xml,phs000786,4
000787.xml,phs000787,20
000788.xml,phs000788,4
000789.xml,phs000789,2524
000790.xml,phs000790,4
000791.xml,phs000791,50
000792.xml,phs000792,16
000793.xml,phs000793,15
000794.xml,phs000794,12
000795.xml,phs000795,1
000796.xml,phs000796,3226
000797.xml,phs000797,7
000798.xml,phs000798,
000799.xml,phs000799,10000
000801.xml,phs000801,
000802.xml,phs000802,3100
000803.xml,phs000803,100
000804.xml,phs000804,103
000806.xml,phs000806,2000
000807.xml,phs000807,1916
000808.xml,phs000808,225
000809.xml,phs000809,8
000810.xml,phs000810,
000811.xml,phs000811,
000812.xml,phs000812,5000
000813.xml,phs000813,3000
000814.xml,phs000814,3600
000815.xml,phs000815,461
000816.xml,phs000816,
000817.xml,phs000817,8
000818.xml,phs000818,6500
000819.xml,phs000819,150
000820.xml,phs000820,
000821.xml,phs000821,1366
000822.xml,phs000822,420
000823.xml,phs000823,350
000824.xml,phs000824,65
000825.xml,phs000825,2
000826.xml,phs000826,1531
000827.xml,phs000827,
000828.xml,phs000828,1
000829.xml,phs000829,33
000830.xml,phs000830,16
000831.xml,phs000831,
000832.xml,phs000832,381
000833.xml,phs000833,150
000834.xml,phs000834,75
000835.xml,phs000835,75
000836.xml,phs000836,75
000837.xml,phs000837,6
000838.xml,phs000838,932
000839.xml,phs000839,140
000840.xml,phs000840,2600
000841.xml,phs000841,112
000842.xml,phs000842,
000843.xml,phs000843,700
000844.xml,phs000844,350
000845.xml,phs000845,300
000846.xml,phs000846,27
000847.xml,phs000847,600
000848.xml,phs000848,
000849.xml,phs000849,
000850.xml,phs000850,3263
000851.xml,phs000851,5831
000852.xml,phs000852,4700
000853.xml,phs000853,
000854.xml,phs000854,356
000855.xml,phs000855,20
000856.xml,phs000856,
000857.xml,phs000857,100
000858.xml,phs000858,6
000859.xml,phs000859,16
000860.xml,phs000860,13715
000861.xml,phs000861,29
000862.xml,phs000862,
000863.xml,phs000863,630
000864.xml,phs000864,4019
000866.xml,phs000866,200
000867.xml,phs000867,2335
000868.xml,phs000868,29
000869.xml,phs000869,7128
000870.xml,phs000870,10
000871.xml,phs000871,29
000872.xml,phs000872,100
000873.xml,phs000873,
000874.xml,phs000874,950
000875.xml,phs000875,113
000876.xml,phs000876,
000877.xml,phs000877,0
000878.xml,phs000878,2007
000879.xml,phs000879,150
000880.xml,phs000880,
000881.xml,phs000881,
000882.xml,phs000882,20000
000883.xml,phs000883,2000
000884.xml,phs000884,240
000885.xml,phs000885,55
000886.xml,phs000886,
000887.xml,phs000887,
000888.xml,phs000888,
000889.xml,phs000889,2661
000890.xml,phs000890,4523
000891.xml,phs000891,1300
000892.xml,phs000892,300
000893.xml,phs000893,7447
000894.xml,phs000894,429
000895.xml,phs000895,160
000896.xml,phs000896,12
000897.xml,phs000897,
000898.xml,phs000898,
000899.xml,phs000899,263
000900.xml,phs000900,28
000901.xml,phs000901,240
000902.xml,phs000902,800
000903.xml,phs000903,2614
000904.xml,phs000904,8
000905.xml,phs000905,100000
000906.xml,phs000906,5600
000907.xml,phs000907,5
000908.xml,phs000908,181
000909.xml,phs000909,200
000910.xml,phs000910,9000
000911.xml,phs000911,9000
000912.xml,phs000912,1200
000913.xml,phs000913,86
000914.xml,phs000914,3122
000915.xml,phs000915,150
000916.xml,phs000916,800
000917.xml,phs000917,12000
000918.xml,phs000918,11408
000919.xml,phs000919,10000
000920.xml,phs000920,1031
000921.xml,phs000921,451
000922.xml,phs000922,250
000923.xml,phs000923,100
000924.xml,phs000924,273
000925.xml,phs000925,
000926.xml,phs000926,4
000927.xml,phs000927,180
000928.xml,phs000928,12
000929.xml,phs000929,7371
000930.xml,phs000930,
000931.xml,phs000931,2500
000932.xml,phs000932,1
000933.xml,phs000933,273
000934.xml,phs000934,190
000935.xml,phs000935,240
000936.xml,phs000936,
000937.xml,phs000937,376
000938.xml,phs000938,3
000939.xml,phs000939,14
000940.xml,phs000940,50000
000941.xml,phs000941,
000942.xml,phs000942,258
000943.xml,phs000943,70
000944.xml,phs000944,5000
000945.xml,phs000945,230
000946.xml,phs000946,
000947.xml,phs000947,325
000948.xml,phs000948,1968
000949.xml,phs000949,3000
000950.xml,phs000950,60
000951.xml,phs000951,
000952.xml,phs000952,2800
000953.xml,phs000953,109
000954.xml,phs000954,
000955.xml,phs000955,4482
000956.xml,phs000956,1100
000957.xml,phs000957,9212
000958.xml,phs000958,100
000959.xml,phs000959,2200
000960.xml,phs000960,63
000961.xml,phs000961,3000
000962.xml,phs000962,490
000963.xml,phs000963,
000964.xml,phs000964,
000965.xml,phs000965,573
000966.xml,phs000966,1500
000967.xml,phs000967,16
000968.xml,phs000968,240
000969.xml,phs000969,4
000970.xml,phs000970,17
000971.xml,phs000971,950
000972.xml,phs000972,
000973.xml,phs000973,29
000974.xml,phs000974,
000975.xml,phs000975,778
000976.xml,phs000976,3438
000977.xml,phs000977,62
000978.xml,phs000978,1
000979.xml,phs000979,737
000980.xml,phs000980,64
000981.xml,phs000981,
000982.xml,phs000982,2847
000983.xml,phs000983,500
000984.xml,phs000984,500
000985.xml,phs000985,4653
000986.xml,phs000986,600
000987.xml,phs000987,185
000988.xml,phs000988,
000989.xml,phs000989,2
000990.xml,phs000990,2000
000991.xml,phs000991,9000
000992.xml,phs000992,1696
000993.xml,phs000993,
000994.xml,phs000994,42
000996.xml,phs000996,900
000997.xml,phs000997,130
000998.xml,phs000998,
000999.xml,phs000999,220
001000.xml,phs001000,2500
001001.xml,phs001001,
001002.xml,phs001002,810
001003.xml,phs001003,50
001004.xml,phs001004,1574
001005.xml,phs001005,3
001006.xml,phs001006,15
001007.xml,phs001007,23
001008.xml,phs001008,
001009.xml,phs001009,
001010.xml,phs001010,
001011.xml,phs001011,1500
001012.xml,phs001012,
001013.xml,phs001013,325
001014.xml,phs001014,
001015.xml,phs001015,80
001016.xml,phs001016,
001017.xml,phs001017,384
001018.xml,phs001018,
001019.xml,phs001019,10
001020.xml,phs001020,501
001021.xml,phs001021,410
001022.xml,phs001022,263
001023.xml,phs001023,600
001024.xml,phs001024,
001025.xml,phs001025,800
001026.xml,phs001026,500
001027.xml,phs001027,153
001028.xml,phs001028,1
001029.xml,phs001029,
001030.xml,phs001030,142
001031.xml,phs001031,142
001032.xml,phs001032,1500
001033.xml,phs001033,560
001034.xml,phs001034,4000
001035.xml,phs001035,150
001036.xml,phs001036,34
001037.xml,phs001037,7082
001038.xml,phs001038,18
001039.xml,phs001039,50000
001040.xml,phs001040,
001041.xml,phs001041,64
001042.xml,phs001042,2
001043.xml,phs001043,4665
001044.xml,phs001044,35
001045.xml,phs001045,323
001046.xml,phs001046,900
001048.xml,phs001048,331
001049.xml,phs001049,15
001050.xml,phs001050,122
001052.xml,phs001052,59
001053.xml,phs001053,1350
001054.xml,phs001054,100
001055.xml,phs001055,693
001056.xml,phs001056,871
001057.xml,phs001057,1000
001058.xml,phs001058,504
001059.xml,phs001059,1996
001060.xml,phs001060,1536
001061.xml,phs001061,205
001062.xml,phs001062,
001063.xml,phs001063,10
001064.xml,phs001064,6
001065.xml,phs001065,609
001066.xml,phs001066,1
001067.xml,phs001067,3
001068.xml,phs001068,331
001069.xml,phs001069,1100
001070.xml,phs001070,20
001071.xml,phs001071,
001072.xml,phs001072,55
001073.xml,phs001073,75
001074.xml,phs001074,
001075.xml,phs001075,400
001076.xml,phs001076,10000
001077.xml,phs001077,2016
001078.xml,phs001078,16970
001079.xml,phs001079,10
001080.xml,phs001080,101
001081.xml,phs001081,105000
001082.xml,phs001082,9
001083.xml,phs001083,10
001084.xml,phs001084,18
001085.xml,phs001085,35
001086.xml,phs001086,200
001087.xml,phs001087,50
001088.xml,phs001088,2392
001089.xml,phs001089,1350
001090.xml,phs001090,3270
001091.xml,phs001091,150
001092.xml,phs001092,402
001093.xml,phs001093,1200
001094.xml,phs001094,901
001095.xml,phs001095,1078
001096.xml,phs001096,1061
001097.xml,phs001097,2276
001098.xml,phs001098,1148
001099.xml,phs001099,1623
001100.xml,phs001100,1040
001101.xml,phs001101,
001102.xml,phs001102,1091
001103.xml,phs001103,535
001104.xml,phs001104,1895
001105.xml,phs001105,10
001106.xml,phs001106,32
001107.xml,phs001107,6
001108.xml,phs001108,
001109.xml,phs001109,1750
001110.xml,phs001110,965
001111.xml,phs001111,468
001112.xml,phs001112,38
001113.xml,phs001113,4591
001114.xml,phs001114,1463
001115.xml,phs001115,6
001116.xml,phs001116,200
001117.xml,phs001117,288
001118.xml,phs001118,980
001119.xml,phs001119,2981
001120.xml,phs001120,
001121.xml,phs001121,1
001122.xml,phs001122,239
001123.xml,phs001123,22878
001124.xml,phs001124,197
001125.xml,phs001125,7935
001126.xml,phs001126,
001127.xml,phs001127,73
001128.xml,phs001128,771
001129.xml,phs001129,2599
001130.xml,phs001130,
001131.xml,phs001131,12779
001132.xml,phs001132,13492
001133.xml,phs001133,13000
001134.xml,phs001134,700
001135.xml,phs001135,804
001136.xml,phs001136,
001137.xml,phs001137,10640
001138.xml,phs001138,2500
001139.xml,phs001139,
001140.xml,phs001140,8000
001141.xml,phs001141,1
001142.xml,phs001142,180
001143.xml,phs001143,
001145.xml,phs001145,100
001146.xml,phs001146,53
001148.xml,phs001148,60
001150.xml,phs001150,1001
001151.xml,phs001151,
001152.xml,phs001152,14
001153.xml,phs001153,19
001154.xml,phs001154,10619
001156.xml,phs001156,10000
001157.xml,phs001157,
001158.xml,phs001158,3
001159.xml,phs001159,1
001161.xml,phs001161,100
001163.xml,phs001163,1350
001164.xml,phs001164,41
001165.xml,phs001165,900
001166.xml,phs001166,2000
001167.xml,phs001167,2070
001168.xml,phs001168,1245
001169.xml,phs001169,84
001170.xml,phs001170,212
001171.xml,phs001171,674
001172.xml,phs001172,
001173.xml,phs001173,3440
001174.xml,phs001174,98
001175.xml,phs001175,4000
001176.xml,phs001176,15
001177.xml,phs001177,144
001178.xml,phs001178,300
001179.xml,phs001179,18000
001180.xml,phs001180,4700
001181.xml,phs001181,1
001182.xml,phs001182,
001183.xml,phs001183,450
001184.xml,phs001184,1000
001185.xml,phs001185,3400
001187.xml,phs001187,10
001188.xml,phs001188,33
001189.xml,phs001189,
001190.xml,phs001190,3
001191.xml,phs001191,700
001192.xml,phs001192,2
001193.xml,phs001193,1611
001194.xml,phs001194,10000
001195.xml,phs001195,15
001196.xml,phs001196,3396
001197.xml,phs001197,218
001198.xml,phs001198,118
001199.xml,phs001199,
001200.xml,phs001200,7
001201.xml,phs001201,455
001202.xml,phs001202,11083
001203.xml,phs001203,600
001204.xml,phs001204,
001205.xml,phs001205,2
001206.xml,phs001206,1
001207.xml,phs001207,1500
001208.xml,phs001208,3505
001209.xml,phs001209,
001210.xml,phs001210,5339
001211.xml,phs001211,4000
001212.xml,phs001212,
001213.xml,phs001213,1230
001214.xml,phs001214,2
001215.xml,phs001215,
001216.xml,phs001216,447
001217.xml,phs001217,
001218.xml,phs001218,
001219.xml,phs001219,
001220.xml,phs001220,117
001221.xml,phs001221,30000
001222.xml,phs001222,
001223.xml,phs001223,57
001224.xml,phs001224,17
001225.xml,phs001225,
001226.xml,phs001226,30
001227.xml,phs001227,150
001228.xml,phs001228,1100
001229.xml,phs001229,39
001230.xml,phs001230,2300
001231.xml,phs001231,24
001232.xml,phs001232,5000
001233.xml,phs001233,6
001234.xml,phs001234,625
001235.xml,phs001235,5
001236.xml,phs001236,6
001237.xml,phs001237,
001238.xml,phs001238,
001239.xml,phs001239,31
001241.xml,phs001241,105
001242.xml,phs001242,1
001243.xml,phs001243,54
001244.xml,phs001244,105
001245.xml,phs001245,5
001246.xml,phs001246,17
001247.xml,phs001247,900
001248.xml,phs001248,94
001249.xml,phs001249,14
001250.xml,phs001250,360
001251.xml,phs001251,
001252.xml,phs001252,2746
001253.xml,phs001253,563
001254.xml,phs001254,
001255.xml,phs001255,1
001256.xml,phs001256,68
001257.xml,phs001257,22
001258.xml,phs001258,55
001259.xml,phs001259,2000
001260.xml,phs001260,43
001261.xml,phs001261,8
001262.xml,phs001262,4
001263.xml,phs001263,63380
001264.xml,phs001264,4
001265.xml,phs001265,59909
001266.xml,phs001266,
001267.xml,phs001267,800
001268.xml,phs001268,
001269.xml,phs001269,
001270.xml,phs001270,10
001271.xml,phs001271,5309
001272.xml,phs001272,200
001273.xml,phs001273,38828
001274.xml,phs001274,4700
001275.xml,phs001275,9
001276.xml,phs001276,4
001277.xml,phs001277,2
001278.xml,phs001278,
001279.xml,phs001279,
001280.xml,phs001280,175
001281.xml,phs001281,
001282.xml,phs001282,30
001283.xml,phs001283,90
001284.xml,phs001284,416
001285.xml,phs001285,300
001286.xml,phs001286,50000
001287.xml,phs001287,2000
001288.xml,phs001288,
001289.xml,phs001289,
001290.xml,phs001290,6083
001291.xml,phs001291,48
001292.xml,phs001292,
001293.xml,phs001293,2032
001294.xml,phs001294,2422
001295.xml,phs001295,
001296.xml,phs001296,
001297.xml,phs001297,277
001298.xml,phs001298,4806
001299.xml,phs001299,2873
001300.xml,phs001300,440
001301.xml,phs001301,
001302.xml,phs001302,
001303.xml,phs001303,1663
001304.xml,phs001304,313
001305.xml,phs001305,
001306.xml,phs001306,12609
001307.xml,phs001307,478
001308.xml,phs001308,385
001309.xml,phs001309,
001310.xml,phs001310,
001311.xml,phs001311,
001312.xml,phs001312,
001313.xml,phs001313,
001314.xml,phs001314,
001315.xml,phs001315,9000
001316.xml,phs001316,
001317.xml,phs001317,
001318.xml,phs001318,
001319.xml,phs001319,10000
001320.xml,phs001320,135
001321.xml,phs001321,12500
001322.xml,phs001322,10
001323.xml,phs001323,150
001324.xml,phs001324,
001325.xml,phs001325,273
001326.xml,phs001326,
001327.xml,phs001327,5739
001328.xml,phs001328,
001329.xml,phs001329,
001330.xml,phs001330,
001331.xml,phs001331,
001332.xml,phs001332,
001333.xml,phs001333,
001334.xml,phs001334,
001335.xml,phs001335,2140
001336.xml,phs001336,1
001337.xml,phs001337,19000
001338.xml,phs001338,27
001339.xml,phs001339,1480
001340.xml,phs001340,2
001341.xml,phs001341,309
001342.xml,phs001342,48
001343.xml,phs001343,125
001344.xml,phs001344,19
001345.xml,phs001345,
001346.xml,phs001346,15
001347.xml,phs001347,265
001348.xml,phs001348,500
001349.xml,phs001349,17528
001350.xml,phs001350,5088
001351.xml,phs001351,2
001352.xml,phs001352,39
001353.xml,phs001353,
001354.xml,phs001354,
001356.xml,phs001356,2790
001357.xml,phs001357,82
001358.xml,phs001358,2322
001359.xml,phs001359,1065
001360.xml,phs001360,1598
001361.xml,phs001361,1100
001362.xml,phs001362,1
001363.xml,phs001363,108
001364.xml,phs001364,1134
001365.xml,phs001365,920
001366.xml,phs001366,12
001367.xml,phs001367,12000
001368.xml,phs001368,80
001369.xml,phs001369,5
001370.xml,phs001370,65
001371.xml,phs001371,2
001372.xml,phs001372,7
001373.xml,phs001373,24
001374.xml,phs001374,8000
001375.xml,phs001375,830
001376.xml,phs001376,15
001377.xml,phs001377,400
001378.xml,phs001378,7
001379.xml,phs001379,95
001380.xml,phs001380,4372
001381.xml,phs001381,667
001382.xml,phs001382,
001383.xml,phs001383,250
001384.xml,phs001384,31
001385.xml,phs001385,186
001386.xml,phs001386,40
001387.xml,phs001387,2400
001388.xml,phs001388,3068
001389.xml,phs001389,11
001390.xml,phs001390,925
001391.xml,phs001391,110680
001392.xml,phs001392,
001393.xml,phs001393,1098
001394.xml,phs001394,875
001395.xml,phs001395,
001396.xml,phs001396,1593
001397.xml,phs001397,1225
001398.xml,phs001398,2000
001399.xml,phs001399,20
001400.xml,phs001400,3
001401.xml,phs001401,
001402.xml,phs001402,
001403.xml,phs001403,44
001404.xml,phs001404,61
001405.xml,phs001405,15
001406.xml,phs001406,130
001407.xml,phs001407,11
001408.xml,phs001408,19
001409.xml,phs001409,10227
001410.xml,phs001410,600
001411.xml,phs001411,6112
001412.xml,phs001412,
001413.xml,phs001413,80000
001414.xml,phs001414,100
001415.xml,phs001415,30000
001416.xml,phs001416,5400
001417.xml,phs001417,581
001418.xml,phs001418,31
001419.xml,phs001419,
001420.xml,phs001420,849
001421.xml,phs001421,40
001422.xml,phs001422,11
001423.xml,phs001423,1000
001424.xml,phs001424,10
001425.xml,phs001425,35
001426.xml,phs001426,
001427.xml,phs001427,17
001428.xml,phs001428,1967
001429.xml,phs001429,930
001430.xml,phs001430,
001431.xml,phs001431,46
001432.xml,phs001432,1
001433.xml,phs001433,21
001434.xml,phs001434,65
001435.xml,phs001435,120
001436.xml,phs001436,1700
001437.xml,phs001437,251
001438.xml,phs001438,4
001439.xml,phs001439,1250
001440.xml,phs001440,2000
001441.xml,phs001441,565
001442.xml,phs001442,7082
001443.xml,phs001443,938
001444.xml,phs001444,575
001445.xml,phs001445,
001446.xml,phs001446,1100
001447.xml,phs001447,7
001448.xml,phs001448,59
001450.xml,phs001450,
001451.xml,phs001451,15
001452.xml,phs001452,12
001454.xml,phs001454,54
001455.xml,phs001455,5795
001457.xml,phs001457,58
001458.xml,phs001458,3000
001459.xml,phs001459,83
001460.xml,phs001460,16
001461.xml,phs001461,1
001462.xml,phs001462,
001463.xml,phs001463,8
001464.xml,phs001464,14
001465.xml,phs001465,
001466.xml,phs001466,
001467.xml,phs001467,4700
001468.xml,phs001468,2700
001469.xml,phs001469,17
001470.xml,phs001470,1538
001471.xml,phs001471,512
001472.xml,phs001472,2400
001473.xml,phs001473,61
001474.xml,phs001474,18
001475.xml,phs001475,1100
001476.xml,phs001476,1100
001477.xml,phs001477,25
001478.xml,phs001478,1100
001479.xml,phs001479,2
001480.xml,phs001480,276
001481.xml,phs001481,464
001482.xml,phs001482,9138
001483.xml,phs001483,153
001484.xml,phs001484,321
001485.xml,phs001485,20
001486.xml,phs001486,600
001487.xml,phs001487,785
001488.xml,phs001488,553
001489.xml,phs001489,13500
001490.xml,phs001490,2592
001491.xml,phs001491,100
001492.xml,phs001492,2026
001493.xml,phs001493,72
001494.xml,phs001494,1200
001495.xml,phs001495,5
001496.xml,phs001496,275
001497.xml,phs001497,2039
001498.xml,phs001498,279
001499.xml,phs001499,44248
001500.xml,phs001500,106
001501.xml,phs001501,1100
001502.xml,phs001502,1085
001503.xml,phs001503,4700
001504.xml,phs001504,987
001505.xml,phs001505,408
001507.xml,phs001507,
001508.xml,phs001508,1200
001509.xml,phs001509,24
001510.xml,phs001510,
001511.xml,phs001511,553
001512.xml,phs001512,50
001513.xml,phs001513,24
001514.xml,phs001514,600
001515.xml,phs001515,2300
001516.xml,phs001516,21701
001517.xml,phs001517,900
001518.xml,phs001518,1790
001519.xml,phs001519,10
001520.xml,phs001520,4
001521.xml,phs001521,30
001522.xml,phs001522,3785
001523.xml,phs001523,1500
001524.xml,phs001524,
001525.xml,phs001525,63
001526.xml,phs001526,33
001527.xml,phs001527,192
001528.xml,phs001528,2
001529.xml,phs001529,6
001531.xml,phs001531,188
001532.xml,phs001532,38602
001533.xml,phs001533,3097
001534.xml,phs001534,4500
001535.xml,phs001535,34
001536.xml,phs001536,4000
001537.xml,phs001537,
001538.xml,phs001538,
001539.xml,phs001539,110
001540.xml,phs001540,
001541.xml,phs001541,14000
001542.xml,phs001542,1800
001543.xml,phs001543,350
001544.xml,phs001544,121
001545.xml,phs001545,478
001546.xml,phs001546,6
001547.xml,phs001547,
001548.xml,phs001548,8
001549.xml,phs001549,170
001550.xml,phs001550,82
001551.xml,phs001551,500
001552.xml,phs001552,1846
001553.xml,phs001553,
001554.xml,phs001554,3000
001555.xml,phs001555,
001556.xml,phs001556,115
001557.xml,phs001557,2
001558.xml,phs001558,3800
001559.xml,phs001559,200
001560.xml,phs001560,358
001561.xml,phs001561,150
001562.xml,phs001562,
001563.xml,phs001563,9
001564.xml,phs001564,82
001565.xml,phs001565,71
001566.xml,phs001566,
001568.xml,phs001568,715
001569.xml,phs001569,30000
001570.xml,phs001570,265
001571.xml,phs001571,7347
001572.xml,phs001572,
001573.xml,phs001573,354
001575.xml,phs001575,
001576.xml,phs001576,
001577.xml,phs001577,23
001578.xml,phs001578,82
001579.xml,phs001579,1222
001580.xml,phs001580,41
001581.xml,phs001581,26
001584.xml,phs001584,83717
001585.xml,phs001585,150
001586.xml,phs001586,240
001587.xml,phs001587,4
001588.xml,phs001588,
001589.xml,phs001589,6225
001590.xml,phs001590,23000
001591.xml,phs001591,5504
001592.xml,phs001592,100
001593.xml,phs001593,8
001594.xml,phs001594,38
001595.xml,phs001595,
001596.xml,phs001596,37
001597.xml,phs001597,61
001598.xml,phs001598,290
001599.xml,phs001599,960
001600.xml,phs001600,1600
001601.xml,phs001601,423
001602.xml,phs001602,7
001603.xml,phs001603,160
001604.xml,phs001604,56
001605.xml,phs001605,293
001606.xml,phs001606,324
001607.xml,phs001607,1500
001608.xml,phs001608,650
001609.xml,phs001609,1244
001610.xml,phs001610,992
001611.xml,phs001611,71
001612.xml,phs001612,3622
001613.xml,phs001613,17
001614.xml,phs001614,1446
001615.xml,phs001615,22
001616.xml,phs001616,15754
001617.xml,phs001617,90
001618.xml,phs001618,49
001619.xml,phs001619,101
001620.xml,phs001620,
001621.xml,phs001621,680
001622.xml,phs001622,400
001623.xml,phs001623,100
001624.xml,phs001624,1129
001625.xml,phs001625,252
001626.xml,phs001626,132
001627.xml,phs001627,2
001628.xml,phs001628,59
001629.xml,phs001629,1
001630.xml,phs001630,
001631.xml,phs001631,160
001632.xml,phs001632,1408
001633.xml,phs001633,32
001634.xml,phs001634,40
001635.xml,phs001635,20
001636.xml,phs001636,20
001637.xml,phs001637,40
001638.xml,phs001638,20
001639.xml,phs001639,37
001640.xml,phs001640,60
001641.xml,phs001641,2380
001642.xml,phs001642,8000
001643.xml,phs001643,4
001644.xml,phs001644,10000
001645.xml,phs001645,25
001646.xml,phs001646,95
001647.xml,phs001647,395
001648.xml,phs001648,101
001649.xml,phs001649,462
001650.xml,phs001650,6
001651.xml,phs001651,51
001652.xml,phs001652,79
001653.xml,phs001653,700
001654.xml,phs001654,408
001655.xml,phs001655,82
001656.xml,phs001656,540
001657.xml,phs001657,562
001658.xml,phs001658,14
001659.xml,phs001659,9
001660.xml,phs001660,103
001661.xml,phs001661,4400
001662.xml,phs001662,1548
001663.xml,phs001663,1
001664.xml,phs001664,1200
001665.xml,phs001665,600
001666.xml,phs001666,60
001667.xml,phs001667,1500
001669.xml,phs001669,1
001670.xml,phs001670,48
001671.xml,phs001671,1
001672.xml,phs001672,1000000
001673.xml,phs001673,3000
001674.xml,phs001674,30
001675.xml,phs001675,329
001676.xml,phs001676,30000
001677.xml,phs001677,
001678.xml,phs001678,10
001679.xml,phs001679,120
001680.xml,phs001680,33
001681.xml,phs001681,10700
001682.xml,phs001682,
001683.xml,phs001683,500
001684.xml,phs001684,34
001685.xml,phs001685,23
001686.xml,phs001686,6
001687.xml,phs001687,294
001688.xml,phs001688,35
001689.xml,phs001689,1861
001690.xml,phs001690,114
001691.xml,phs001691,73
001692.xml,phs001692,8
001693.xml,phs001693,10
001694.xml,phs001694,8
001695.xml,phs001695,10
001696.xml,phs001696,20
001697.xml,phs001697,184
001698.xml,phs001698,67
001699.xml,phs001699,155
001700.xml,phs001700,125
001701.xml,phs001701,1350
001702.xml,phs001702,160
001703.xml,phs001703,91
001704.xml,phs001704,23
001705.xml,phs001705,
001706.xml,phs001706,35
001707.xml,phs001707,34
001708.xml,phs001708,622
001709.xml,phs001709,100
001710.xml,phs001710,600
001711.xml,phs001711,5
001712.xml,phs001712,
001713.xml,phs001713,2800
001714.xml,phs001714,200
001715.xml,phs001715,
001716.xml,phs001716,
001717.xml,phs001717,303
001718.xml,phs001718,2095
001719.xml,phs001719,105
001720.xml,phs001720,8
001721.xml,phs001721,5000
001722.xml,phs001722,20
001723.xml,phs001723,5500
001724.xml,phs001724,50
001725.xml,phs001725,644
001726.xml,phs001726,3721
001727.xml,phs001727,74
001728.xml,phs001728,52
001729.xml,phs001729,
001730.xml,phs001730,48
001731.xml,phs001731,10
001732.xml,phs001732,97
001733.xml,phs001733,17
001734.xml,phs001734,610
001735.xml,phs001735,3230
001736.xml,phs001736,6808
001737.xml,phs001737,3
001738.xml,phs001738,400
001739.xml,phs001739,500
001740.xml,phs001740,580
001741.xml,phs001741,905
001742.xml,phs001742,1
001743.xml,phs001743,29
001744.xml,phs001744,3007
001745.xml,phs001745,1111
001746.xml,phs001746,188
001747.xml,phs001747,175
001748.xml,phs001748,21
001749.xml,phs001749,1058
001750.xml,phs001750,39
001751.xml,phs001751,205
001752.xml,phs001752,62
001753.xml,phs001753,161
001754.xml,phs001754,
001757.xml,phs001757,326
001758.xml,phs001758,10
001759.xml,phs001759,30
001760.xml,phs001760,
001761.xml,phs001761,58
001762.xml,phs001762,
001763.xml,phs001763,
001764.xml,phs001764,
001765.xml,phs001765,41
001766.xml,phs001766,2308
001767.xml,phs001767,198
001768.xml,phs001768,28
001769.xml,phs001769,
001770.xml,phs001770,
001771.xml,phs001771,529
001772.xml,phs001772,20
001773.xml,phs001773,23
001774.xml,phs001774,50
001775.xml,phs001775,
001776.xml,phs001776,93
001777.xml,phs001777,11
001778.xml,phs001778,11
001779.xml,phs001779,165
001780.xml,phs001780,697
001781.xml,phs001781,108
001782.xml,phs001782,1800
001783.xml,phs001783,794
001784.xml,phs001784,64
001785.xml,phs001785,300
001786.xml,phs001786,36
001787.xml,phs001787,52
001788.xml,phs001788,
001789.xml,phs001789,26
001790.xml,phs001790,8
001791.xml,phs001791,2
001792.xml,phs001792,500
001793.xml,phs001793,34
001794.xml,phs001794,11
001795.xml,phs001795,100
001796.xml,phs001796,47
001797.xml,phs001797,7
001798.xml,phs001798,2354
001799.xml,phs001799,135
001800.xml,phs001800,40
001801.xml,phs001801,600
001802.xml,phs001802,5
001803.xml,phs001803,750
001804.xml,phs001804,3600
001805.xml,phs001805,4
001806.xml,phs001806,1140
001807.xml,phs001807,160
001808.xml,phs001808,
001809.xml,phs001809,1232091
001810.xml,phs001810,
001811.xml,phs001811,102
001812.xml,phs001812,120
001813.xml,phs001813,150
001814.xml,phs001814,279
001815.xml,phs001815,1638
001816.xml,phs001816,2
001817.xml,phs001817,258
001818.xml,phs001818,30
001819.xml,phs001819,69
001820.xml,phs001820,150
001821.xml,phs001821,30
001822.xml,phs001822,800
001823.xml,phs001823,279
001824.xml,phs001824,7
001825.xml,phs001825,82
001826.xml,phs001826,6405
001827.xml,phs001827,481
001828.xml,phs001828,1392
001829.xml,phs001829,17
001830.xml,phs001830,1
001831.xml,phs001831,175
001833.xml,phs001833,299
001834.xml,phs001834,300
001835.xml,phs001835,1
001836.xml,phs001836,4
001837.xml,phs001837,
001838.xml,phs001838,1000
001839.xml,phs001839,3
001840.xml,phs001840,6
001841.xml,phs001841,1722
001842.xml,phs001842,48
001843.xml,phs001843,130
001844.xml,phs001844,1808
001845.xml,phs001845,8
001846.xml,phs001846,1800
001847.xml,phs001847,2
001848.xml,phs001848,3
001849.xml,phs001849,12
001850.xml,phs001850,300
001851.xml,phs001851,556
001852.xml,phs001852,404
001853.xml,phs001853,15
001854.xml,phs001854,6
001855.xml,phs001855,872
001856.xml,phs001856,10929
001857.xml,phs001857,800
001858.xml,phs001858,17152
001859.xml,phs001859,35
001860.xml,phs001860,2000
001861.xml,phs001861,11
001862.xml,phs001862,660
001863.xml,phs001863,443
001864.xml,phs001864,34
001865.xml,phs001865,250
001866.xml,phs001866,171
001867.xml,phs001867,11
001868.xml,phs001868,45000
001869.xml,phs001869,782
001870.xml,phs001870,100
001871.xml,phs001871,256
001872.xml,phs001872,603
001874.xml,phs001874,11151
001875.xml,phs001875,5
001876.xml,phs001876,1016
001877.xml,phs001877,27
001878.xml,phs001878,400
001879.xml,phs001879,200
001880.xml,phs001880,1600
001881.xml,phs001881,4464
001882.xml,phs001882,60000
001883.xml,phs001883,38
001884.xml,phs001884,7186
001885.xml,phs001885,4486
001886.xml,phs001886,9
001887.xml,phs001887,20
001888.xml,phs001888,35
001889.xml,phs001889,6
001890.xml,phs001890,17
001891.xml,phs001891,150
001892.xml,phs001892,12
001893.xml,phs001893,1000
001894.xml,phs001894,624
001895.xml,phs001895,
001896.xml,phs001896,
001897.xml,phs001897,44
001898.xml,phs001898,500
001899.xml,phs001899,309
001900.xml,phs001900,201
001901.xml,phs001901,1475
001902.xml,phs001902,88
001903.xml,phs001903,36793
001904.xml,phs001904,35
001905.xml,phs001905,4518
001906.xml,phs001906,14
001907.xml,phs001907,14
001908.xml,phs001908,50
001909.xml,phs001909,397
001910.xml,phs001910,47
001911.xml,phs001911,53
001912.xml,phs001912,80
001913.xml,phs001913,294
001914.xml,phs001914,60
001915.xml,phs001915,15
001916.xml,phs001916,20
001917.xml,phs001917,824
001918.xml,phs001918,9000
001919.xml,phs001919,50
001920.xml,phs001920,50
001921.xml,phs001921,430
001922.xml,phs001922,268
001923.xml,phs001923,225
001924.xml,phs001924,1
001925.xml,phs001925,3
001926.xml,phs001926,35
001927.xml,phs001927,2900
001928.xml,phs001928,400
001929.xml,phs001929,1500
001930.xml,phs001930,19
001931.xml,phs001931,500
001932.xml,phs001932,1400
001933.xml,phs001933,112
001934.xml,phs001934,172
001935.xml,phs001935,6
001936.xml,phs001936,9
001937.xml,phs001937,68
001938.xml,phs001938,35
001939.xml,phs001939,500
001940.xml,phs001940,83
001941.xml,phs001941,3820
001942.xml,phs001942,16
001943.xml,phs001943,32
001944.xml,phs001944,1
001945.xml,phs001945,17600
001946.xml,phs001946,35
001947.xml,phs001947,23
001948.xml,phs001948,35
001949.xml,phs001949,28820
001951.xml,phs001951,49
001952.xml,phs001952,2200
001953.xml,phs001953,153
001954.xml,phs001954,92
001955.xml,phs001955,13403
001956.xml,phs001956,
001957.xml,phs001957,60
001958.xml,phs001958,154
001959.xml,phs001959,1
001960.xml,phs001960,143
001961.xml,phs001961,50
001962.xml,phs001962,20
001963.xml,phs001963,8000
001964.xml,phs001964,17062
001965.xml,phs001965,120
001966.xml,phs001966,
001967.xml,phs001967,4
001968.xml,phs001968,126
001969.xml,phs001969,27
001970.xml,phs001970,
001971.xml,phs001971,63
001972.xml,phs001972,2700
001973.xml,phs001973,35
001974.xml,phs001974,
001975.xml,phs001975,5
001976.xml,phs001976,49
001977.xml,phs001977,158
001978.xml,phs001978,3000
001979.xml,phs001979,6
001980.xml,phs001980,50
001981.xml,phs001981,48
001982.xml,phs001982,98
001983.xml,phs001983,22
001984.xml,phs001984,
001985.xml,phs001985,100
001986.xml,phs001986,100
001987.xml,phs001987,300
001988.xml,phs001988,50
001989.xml,phs001989,50
001990.xml,phs001990,279
001991.xml,phs001991,
001992.xml,phs001992,1265
001993.xml,phs001993,
001994.xml,phs001994,177
001995.xml,phs001995,
001996.xml,phs001996,70
001997.xml,phs001997,805
001998.xml,phs001998,10
001999.xml,phs001999,4
002000.xml,phs002000,150
002001.xml,phs002001,
002002.xml,phs002002,8
002003.xml,phs002003,50
002004.xml,phs002004,1000
002005.xml,phs002005,1500
002006.xml,phs002006,28
002007.xml,phs002007,7
002008.xml,phs002008,17
002009.xml,phs002009,239
002010.xml,phs002010,1000
002011.xml,phs002011,150000
002012.xml,phs002012,9417271
002013.xml,phs002013,47
002014.xml,phs002014,1
002015.xml,phs002015,4203
002016.xml,phs002016,212
002017.xml,phs002017,178
002018.xml,phs002018,13470
002019.xml,phs002019,10
002020.xml,phs002020,1104
002021.xml,phs002021,2
002022.xml,phs002022,23
002023.xml,phs002023,28
002024.xml,phs002024,499
002025.xml,phs002025,
002026.xml,phs002026,312
002027.xml,phs002027,24
002028.xml,phs002028,35
002029.xml,phs002029,35
002030.xml,phs002030,640
002031.xml,phs002031,8
002032.xml,phs002032,600
002033.xml,phs002033,12
002034.xml,phs002034,100
002035.xml,phs002035,59
002036.xml,phs002036,1
002037.xml,phs002037,
002038.xml,phs002038,1078
002039.xml,phs002039,18
002040.xml,phs002040,3
002041.xml,phs002041,9409
002042.xml,phs002042,495
002043.xml,phs002043,416
002044.xml,phs002044,210
002045.xml,phs002045,15
002046.xml,phs002046,7206
002047.xml,phs002047,100
002048.xml,phs002048,58
002049.xml,phs002049,162
002050.xml,phs002050,2105
002051.xml,phs002051,30
002052.xml,phs002052,41
002053.xml,phs002053,10
002054.xml,phs002054,1
002055.xml,phs002055,289
002056.xml,phs002056,6305
002057.xml,phs002057,157
002058.xml,phs002058,35
002059.xml,phs002059,1842
002060.xml,phs002060,635
002061.xml,phs002061,185
002062.xml,phs002062,1089
002063.xml,phs002063,40
002064.xml,phs002064,26
002065.xml,phs002065,30
002066.xml,phs002066,2
002067.xml,phs002067,66
002068.xml,phs002068,2929
002069.xml,phs002069,371
002070.xml,phs002070,46
002071.xml,phs002071,50
002073.xml,phs002073,39
002074.xml,phs002074,14
002075.xml,phs002075,13
002076.xml,phs002076,
002077.xml,phs002077,
002081.xml,phs002081,
002083.xml,phs002083,65
002084.xml,phs002084,
002085.xml,phs002085,
002086.xml,phs002086,
002088.xml,phs002088,12
002089.xml,phs002089,1
002090.xml,phs002090,145
002091.xml,phs002091,88
002092.xml,phs002092,499
002093.xml,phs002093,159
002094.xml,phs002094,214
002095.xml,phs002095,200
002096.xml,phs002096,39
002097.xml,phs002097,1100
002098.xml,phs002098,100
002099.xml,phs002099,1
002100.xml,phs002100,1000
002101.xml,phs002101,600
002102.xml,phs002102,3400
002103.xml,phs002103,1252
002104.xml,phs002104,5
002105.xml,phs002105,500
002106.xml,phs002106,120
002107.xml,phs002107,108
002108.xml,phs002108,1800
002109.xml,phs002109,180
002110.xml,phs002110,45
002111.xml,phs002111,880
002112.xml,phs002112,200
002113.xml,phs002113,255
002114.xml,phs002114,7500
002115.xml,phs002115,437
002116.xml,phs002116,2450
002117.xml,phs002117,
002118.xml,phs002118,600
002119.xml,phs002119,
002120.xml,phs002120,3
002121.xml,phs002121,200
002122.xml,phs002122,275
002123.xml,phs002123,12
002124.xml,phs002124,78
002125.xml,phs002125,
002126.xml,phs002126,240
002127.xml,phs002127,280
002128.xml,phs002128,38
002129.xml,phs002129,4115
002130.xml,phs002130,300
002131.xml,phs002131,38
002132.xml,phs002132,8582
002133.xml,phs002133,
002134.xml,phs002134,10
002135.xml,phs002135,3
002136.xml,phs002136,3500
002137.xml,phs002137,21
002138.xml,phs002138,1317
002139.xml,phs002139,1160
002140.xml,phs002140,10000
002141.xml,phs002141,500
002142.xml,phs002142,28
002143.xml,phs002143,22
002144.xml,phs002144,514
002145.xml,phs002145,11000
002146.xml,phs002146,171
002147.xml,phs002147,
002148.xml,phs002148,14
002149.xml,phs002149,500
002150.xml,phs002150,64
002151.xml,phs002151,35
002152.xml,phs002152,35
002153.xml,phs002153,35
002154.xml,phs002154,1110
002155.xml,phs002155,50
002156.xml,phs002156,68
002157.xml,phs002157,3000
002158.xml,phs002158,6
002159.xml,phs002159,33476
002160.xml,phs002160,1
002161.xml,phs002161,950
002162.xml,phs002162,1675
002163.xml,phs002163,112
002164.xml,phs002164,2468
002165.xml,phs002165,
002166.xml,phs002166,2087
002167.xml,phs002167,2
002168.xml,phs002168,600
002169.xml,phs002169,125
002170.xml,phs002170,108
002171.xml,phs002171,1925
002172.xml,phs002172,400
002173.xml,phs002173,425
002174.xml,phs002174,400
002175.xml,phs002175,37000
002176.xml,phs002176,49
002177.xml,phs002177,30
002178.xml,phs002178,35
002179.xml,phs002179,30
002180.xml,phs002180,30
002181.xml,phs002181,60
002182.xml,phs002182,251
002183.xml,phs002183,35000
002184.xml,phs002184,1
002185.xml,phs002185,6000
002186.xml,phs002186,1206
002187.xml,phs002187,2000
002188.xml,phs002188,25
002189.xml,phs002189,6
002190.xml,phs002190,1384
002191.xml,phs002191,370
002192.xml,phs002192,2000
002193.xml,phs002193,600
002194.xml,phs002194,7000
002195.xml,phs002195,562
002196.xml,phs002196,
002197.xml,phs002197,19
002198.xml,phs002198,11000
002199.xml,phs002199,39
002200.xml,phs002200,215
002201.xml,phs002201,3000
002202.xml,phs002202,
002203.xml,phs002203,1600
002204.xml,phs002204,4
002205.xml,phs002205,1000
002206.xml,phs002206,2500
002207.xml,phs002207,140
002208.xml,phs002208,250
002209.xml,phs002209,8
002210.xml,phs002210,2
002211.xml,phs002211,61
002212.xml,phs002212,19
002213.xml,phs002213,300
002214.xml,phs002214,11
002215.xml,phs002215,
002216.xml,phs002216,13
002217.xml,phs002217,3
002218.xml,phs002218,145
002219.xml,phs002219,82
002220.xml,phs002220,1677
002221.xml,phs002221,
002222.xml,phs002222,12
002223.xml,phs002223,112
002224.xml,phs002224,
002225.xml,phs002225,30
002226.xml,phs002226,6972
002227.xml,phs002227,48454
002228.xml,phs002228,100
002229.xml,phs002229,10
002230.xml,phs002230,709
002231.xml,phs002231,15
002232.xml,phs002232,6263
002233.xml,phs002233,1
002234.xml,phs002234,4
002235.xml,phs002235,1000
002236.xml,phs002236,2170
002237.xml,phs002237,10
002238.xml,phs002238,202
002239.xml,phs002239,540
002240.xml,phs002240,96
002242.xml,phs002242,4677
002243.xml,phs002243,7481
002244.xml,phs002244,33
002245.xml,phs002245,1500
002246.xml,phs002246,86
002247.xml,phs002247,500
002248.xml,phs002248,2
002249.xml,phs002249,5
002250.xml,phs002250,150
002251.xml,phs002251,50
002252.xml,phs002252,13
002253.xml,phs002253,200
002254.xml,phs002254,134
002255.xml,phs002255,400
002256.xml,phs002256,2151
002258.xml,phs002258,836
002259.xml,phs002259,24
002260.xml,phs002260,11
002261.xml,phs002261,105
002262.xml,phs002262,3
002264.xml,phs002264,
002265.xml,phs002265,450
002266.xml,phs002266,810
002267.xml,phs002267,20
002268.xml,phs002268,30
002269.xml,phs002269,37
002270.xml,phs002270,45
002272.xml,phs002272,9
002273.xml,phs002273,60
002274.xml,phs002274,380
002275.xml,phs002275,200
002276.xml,phs002276,1262
002278.xml,phs002278,20
002279.xml,phs002279,2
002280.xml,phs002280,10
002282.xml,phs002282,4271
002283.xml,phs002283,1331
002284.xml,phs002284,11
002285.xml,phs002285,1200
002286.xml,phs002286,12
002287.xml,phs002287,24
002288.xml,phs002288,28
002289.xml,phs002289,13
002290.xml,phs002290,118
002291.xml,phs002291,200
002292.xml,phs002292,23
002293.xml,phs002293,358
002294.xml,phs002294,9
002295.xml,phs002295,8
002296.xml,phs002296,53
002297.xml,phs002297,14
002298.xml,phs002298,395
002299.xml,phs002299,479
002300.xml,phs002300,600
002301.xml,phs002301,94
002302.xml,phs002302,25
002303.xml,phs002303,20
002304.xml,phs002304,615
002305.xml,phs002305,108
002306.xml,phs002306,70000
002307.xml,phs002307,1500
002308.xml,phs002308,9
002309.xml,phs002309,4
002310.xml,phs002310,
002311.xml,phs002311,112
002312.xml,phs002312,183
002313.xml,phs002313,21
002314.xml,phs002314,508
002315.xml,phs002315,50
002316.xml,phs002316,5
002317.xml,phs002317,950
002318.xml,phs002318,307
002319.xml,phs002319,5979
002320.xml,phs002320,8
002321.xml,phs002321,1
002322.xml,phs002322,920
002323.xml,phs002323,70
002324.xml,phs002324,440
002325.xml,phs002325,922
002326.xml,phs002326,350
002327.xml,phs002327,24
002328.xml,phs002328,268
002329.xml,phs002329,36
002330.xml,phs002330,3000
002331.xml,phs002331,
002332.xml,phs002332,3000
002333.xml,phs002333,75
002334.xml,phs002334,29
002335.xml,phs002335,17
002336.xml,phs002336,14123
002337.xml,phs002337,1100
002338.xml,phs002338,1200
002339.xml,phs002339,4341
002340.xml,phs002340,11
002341.xml,phs002341,72
002342.xml,phs002342,1
002343.xml,phs002343,100
002344.xml,phs002344,
002345.xml,phs002345,1972
002346.xml,phs002346,160
002347.xml,phs002347,150
002348.xml,phs002348,
002349.xml,phs002349,2000
002350.xml,phs002350,45
002351.xml,phs002351,30
002352.xml,phs002352,88
002353.xml,phs002353,37
002357.xml,phs002357,21
002358.xml,phs002358,190
002359.xml,phs002359,1500
002360.xml,phs002360,473
002361.xml,phs002361,41
002362.xml,phs002362,
002363.xml,phs002363,1500
002364.xml,phs002364,6
002365.xml,phs002365,2
002366.xml,phs002366,9200
002367.xml,phs002367,572
002368.xml,phs002368,2
002369.xml,phs002369,2750
002370.xml,phs002370,1000
002371.xml,phs002371,2000
002372.xml,phs002372,
002373.xml,phs002373,12
002375.xml,phs002375,10
002376.xml,phs002376,20
002377.xml,phs002377,71
002378.xml,phs002378,825
002379.xml,phs002379,150
002380.xml,phs002380,79
002381.xml,phs002381,3332
002382.xml,phs002382,500
002383.xml,phs002383,445
002384.xml,phs002384,1452
002385.xml,phs002385,
002386.xml,phs002386,
002387.xml,phs002387,2529
002388.xml,phs002388,51
002389.xml,phs002389,
002390.xml,phs002390,4
002391.xml,phs002391,12
002392.xml,phs002392,43
002393.xml,phs002393,350
002394.xml,phs002394,54
002395.xml,phs002395,96
002396.xml,phs002396,35
002397.xml,phs002397,2
002398.xml,phs002398,100
002399.xml,phs002399,
002400.xml,phs002400,500
002401.xml,phs002401,26
002402.xml,phs002402,1057
002403.xml,phs002403,12
002404.xml,phs002404,350
002405.xml,phs002405,6
002406.xml,phs002406,1000
002407.xml,phs002407,62
002408.xml,phs002408,7
002409.xml,phs002409,
002410.xml,phs002410,
002411.xml,phs002411,
002412.xml,phs002412,150
002414.xml,phs002414,
002415.xml,phs002415,193
002416.xml,phs002416,19
002417.xml,phs002417,3077
002418.xml,phs002418,11
002419.xml,phs002419,60
002420.xml,phs002420,3
002421.xml,phs002421,11
002422.xml,phs002422,25
002423.xml,phs002423,49
002424.xml,phs002424,145
002425.xml,phs002425,3
002426.xml,phs002426,18
002427.xml,phs002427,178
002428.xml,phs002428,310
002429.xml,phs002429,31
002430.xml,phs002430,450
002431.xml,phs002431,1020
002432.xml,phs002432,46
002433.xml,phs002433,38
002434.xml,phs002434,1001
002435.xml,phs002435,5
002436.xml,phs002436,
002437.xml,phs002437,23
002438.xml,phs002438,6
002439.xml,phs002439,5
002440.xml,phs002440,2
002441.xml,phs002441,18
002442.xml,phs002442,23
002443.xml,phs002443,10
002444.xml,phs002444,1004
002445.xml,phs002445,125
002446.xml,phs002446,60
002447.xml,phs002447,
002448.xml,phs002448,7
002449.xml,phs002449,4
002450.xml,phs002450,32
002451.xml,phs002451,1200
002453.xml,phs002453,1000000
002454.xml,phs002454,600
002455.xml,phs002455,20
002456.xml,phs002456,106
002457.xml,phs002457,25
002458.xml,phs002458,1
002459.xml,phs002459,400
002460.xml,phs002460,51529
002461.xml,phs002461,1
002462.xml,phs002462,12
002463.xml,phs002463,50000
002464.xml,phs002464,7
002465.xml,phs002465,250
002466.xml,phs002466,75
002467.xml,phs002467,264
002468.xml,phs002468,
002469.xml,phs002469,
002470.xml,phs002470,327
002471.xml,phs002471,1
002472.xml,phs002472,20
002473.xml,phs002473,1200
002474.xml,phs002474,40
002475.xml,phs002475,360
002476.xml,phs002476,14
002477.xml,phs002477,23
002478.xml,phs002478,6
002479.xml,phs002479,55
002480.xml,phs002480,1891
002481.xml,phs002481,174
002482.xml,phs002482,40
002483.xml,phs002483,
002484.xml,phs002484,86
002485.xml,phs002485,125
002486.xml,phs002486,20
002487.xml,phs002487,
002488.xml,phs002488,44
002489.xml,phs002489,73
002490.xml,phs002490,11000
002491.xml,phs002491,2
002492.xml,phs002492,
002493.xml,phs002493,159
002494.xml,phs002494,500
002495.xml,phs002495,215
002496.xml,phs002496,2777
002497.xml,phs002497,2300
002498.xml,phs002498,500
002499.xml,phs002499,9
002500.xml,phs002500,6
002501.xml,phs002501,720
002502.xml,phs002502,30000
002503.xml,phs002503,10900
002504.xml,phs002504,450
002505.xml,phs002505,48
002506.xml,phs002506,7800
002507.xml,phs002507,
002508.xml,phs002508,6
002509.xml,phs002509,392
002510.xml,phs002510,20
002511.xml,phs002511,12616
002512.xml,phs002512,389
002513.xml,phs002513,1650
002514.xml,phs002514,900
002515.xml,phs002515,49
002516.xml,phs002516,300
002517.xml,phs002517,8000
002518.xml,phs002518,1100
002519.xml,phs002519,40
002520.xml,phs002520,132
002521.xml,phs002521,3800
002522.xml,phs002522,20
002523.xml,phs002523,3700
002524.xml,phs002524,800
002525.xml,phs002525,30000
002526.xml,phs002526,7000
002527.xml,phs002527,0
002528.xml,phs002528,960
002529.xml,phs002529,200
002530.xml,phs002530,1500
002533.xml,phs002533,1465
002534.xml,phs002534,
002535.xml,phs002535,1600
002537.xml,phs002537,36561
002538.xml,phs002538,45000
002539.xml,phs002539,68804
002540.xml,phs002540,500000
002541.xml,phs002541,72
002542.xml,phs002542,24
002543.xml,phs002543,
002544.xml,phs002544,90
002545.xml,phs002545,17
002546.xml,phs002546,100
002547.xml,phs002547,160
002548.xml,phs002548,15
002549.xml,phs002549,400
002550.xml,phs002550,10
002551.xml,phs002551,600
002552.xml,phs002552,76
002553.xml,phs002553,250
002554.xml,phs002554,16
002555.xml,phs002555,3
002556.xml,phs002556,25
002557.xml,phs002557,2
002558.xml,phs002558,581
002559.xml,phs002559,198
002560.xml,phs002560,622
002561.xml,phs002561,200
002562.xml,phs002562,7
002563.xml,phs002563,200
002564.xml,phs002564,8
002565.xml,phs002565,0
002566.xml,phs002566,679
002567.xml,phs002567,2000
002568.xml,phs002568,1000
002569.xml,phs002569,120
002570.xml,phs002570,
002571.xml,phs002571,6
002572.xml,phs002572,
002573.xml,phs002573,
002575.xml,phs002575,83000
002576.xml,phs002576,39
002577.xml,phs002577,500
002578.xml,phs002578,960
002579.xml,phs002579,105
002580.xml,phs002580,112
002581.xml,phs002581,1050
002582.xml,phs002582,500
002583.xml,phs002583,500
002584.xml,phs002584,11200
002585.xml,phs002585,7200
002586.xml,phs002586,160
002587.xml,phs002587,11
002588.xml,phs002588,400
002589.xml,phs002589,760
002590.xml,phs002590,1150
002591.xml,phs002591,990
002592.xml,phs002592,545
002593.xml,phs002593,891
002594.xml,phs002594,230
002595.xml,phs002595,1120
002596.xml,phs002596,300
002597.xml,phs002597,200
002598.xml,phs002598,8
002599.xml,phs002599,135
002600.xml,phs002600,700
002601.xml,phs002601,2400
002602.xml,phs002602,50
002603.xml,phs002603,150
002604.xml,phs002604,100
002605.xml,phs002605,2200
002606.xml,phs002606,6
002607.xml,phs002607,200
002608.xml,phs002608,2050
002609.xml,phs002609,660
002610.xml,phs002610,
002611.xml,phs002611,117
002612.xml,phs002612,30
002613.xml,phs002613,130
002614.xml,phs002614,11
002615.xml,phs002615,1
002616.xml,phs002616,500
002617.xml,phs002617,1461
002618.xml,phs002618,800
002619.xml,phs002619,3000
002620.xml,phs002620,114
002621.xml,phs002621,100
002622.xml,phs002622,55
002623.xml,phs002623,828
002624.xml,phs002624,40
002625.xml,phs002625,25
002626.xml,phs002626,922
002627.xml,phs002627,150
002628.xml,phs002628,1000
002629.xml,phs002629,1200
002630.xml,phs002630,900
002631.xml,phs002631,2000
002632.xml,phs002632,849
002633.xml,phs002633,2000
002634.xml,phs002634,670
002635.xml,phs002635,930
002636.xml,phs002636,359
002637.xml,phs002637,20000
002638.xml,phs002638,30
002639.xml,phs002639,68
002640.xml,phs002640,85
002641.xml,phs002641,1346
002642.xml,phs002642,2750
002643.xml,phs002643,2000
002644.xml,phs002644,6000
002645.xml,phs002645,5000
002647.xml,phs002647,1250
002648.xml,phs002648,227
002649.xml,phs002649,15000
002650.xml,phs002650,2000
002651.xml,phs002651,
002652.xml,phs002652,50
002653.xml,phs002653,1
002654.xml,phs002654,376
002655.xml,phs002655,300
002656.xml,phs002656,1000
002657.xml,phs002657,5120
002658.xml,phs002658,2000
002659.xml,phs002659,33
002660.xml,phs002660,
002661.xml,phs002661,
002662.xml,phs002662,300
002663.xml,phs002663,4
002675.xml,phs002675,9935
002676.xml,phs002676,9935
002677.xml,phs002677,848
002678.xml,phs002678,40
002679.xml,phs002679,108
002680.xml,phs002680,536
002681.xml,phs002681,20
002682.xml,phs002682,488
002683.xml,phs002683,67
002684.xml,phs002684,400
002685.xml,phs002685,10
002686.xml,phs002686,1200
002687.xml,phs002687,48
002688.xml,phs002688,1621
002689.xml,phs002689,60
002690.xml,phs002690,1200
002691.xml,phs002691,7600
002692.xml,phs002692,900
002693.xml,phs002693,9
002694.xml,phs002694,1150
002695.xml,phs002695,1
002696.xml,phs002696,7
002697.xml,phs002697,11
002698.xml,phs002698,5
002699.xml,phs002699,16360
002700.xml,phs002700,
002701.xml,phs002701,1
002702.xml,phs002702,
002703.xml,phs002703,2652
002704.xml,phs002704,2000
002705.xml,phs002705,16
002706.xml,phs002706,15
002707.xml,phs002707,2025
002708.xml,phs002708,10000
002709.xml,phs002709,100
002710.xml,phs002710,657
002711.xml,phs002711,5000
002712.xml,phs002712,150
002713.xml,phs002713,150
002714.xml,phs002714,1750
002715.xml,phs002715,735
002716.xml,phs002716,6908
002717.xml,phs002717,2
002718.xml,phs002718,4884
002719.xml,phs002719,10788
002720.xml,phs002720,250
002721.xml,phs002721,4
002722.xml,phs002722,83
002723.xml,phs002723,5500
002724.xml,phs002724,200
002725.xml,phs002725,3
002726.xml,phs002726,938
002727.xml,phs002727,544
002728.xml,phs002728,31
002729.xml,phs002729,20
002730.xml,phs002730,500
002731.xml,phs002731,150
002732.xml,phs002732,250
002733.xml,phs002733,42493
002734.xml,phs002734,1
002735.xml,phs002735,42
002736.xml,phs002736,341
002737.xml,phs002737,285
002738.xml,phs002738,187
002739.xml,phs002739,206
002740.xml,phs002740,750
002741.xml,phs002741,650
002742.xml,phs002742,4800
002743.xml,phs002743,
002744.xml,phs002744,0
002745.xml,phs002745,1800
002746.xml,phs002746,58
002747.xml,phs002747,760
002748.xml,phs002748,15
002749.xml,phs002749,1500
002750.xml,phs002750,26
002751.xml,phs002751,650
002752.xml,phs002752,900
002753.xml,phs002753,6
002754.xml,phs002754,750
002755.xml,phs002755,6000
002756.xml,phs002756,20
002757.xml,phs002757,3720
002758.xml,phs002758,
002759.xml,phs002759,5000
002760.xml,phs002760,1000
002761.xml,phs002761,980
002762.xml,phs002762,1
002763.xml,phs002763,7000
002764.xml,phs002764,7
002765.xml,phs002765,10
002766.xml,phs002766,65
002767.xml,phs002767,15000
002768.xml,phs002768,47
002769.xml,phs002769,14
002770.xml,phs002770,1100
002771.xml,phs002771,17
002772.xml,phs002772,2799
002774.xml,phs002774,13667
002775.xml,phs002775,100000
002776.xml,phs002776,240
002777.xml,phs002777,500
002778.xml,phs002778,200
002779.xml,phs002779,900
002780.xml,phs002780,4
002781.xml,phs002781,800
002782.xml,phs002782,
002783.xml,phs002783,611
002785.xml,phs002785,32
002786.xml,phs002786,1235
002787.xml,phs002787,18
002788.xml,phs002788,714
002789.xml,phs002789,714
002790.xml,phs002790,100
002791.xml,phs002791,22000
002792.xml,phs002792,4
002793.xml,phs002793,500
002794.xml,phs002794,500
002795.xml,phs002795,500
002796.xml,phs002796,500
002797.xml,phs002797,500
002798.xml,phs002798,500
002799.xml,phs002799,500
002800.xml,phs002800,450
002801.xml,phs002801,16
002802.xml,phs002802,69
002803.xml,phs002803,20
002804.xml,phs002804,6
002805.xml,phs002805,400
002806.xml,phs002806,2300
002807.xml,phs002807,
002808.xml,phs002808,4341
002809.xml,phs002809,6429
002810.xml,phs002810,86
002811.xml,phs002811,581
002812.xml,phs002812,260
002813.xml,phs002813,400
002814.xml,phs002814,33
002815.xml,phs002815,4200
002816.xml,phs002816,16
002817.xml,phs002817,4
002818.xml,phs002818,
002819.xml,phs002819,34
002820.xml,phs002820,70000
002821.xml,phs002821,400
002822.xml,phs002822,400
002823.xml,phs002823,90
002824.xml,phs002824,162
002825.xml,phs002825,5600
002826.xml,phs002826,1
002827.xml,phs002827,200
002828.xml,phs002828,143
002833.xml,phs002833,32
002834.xml,phs002834,29
002835.xml,phs002835,35667
002836.xml,phs002836,500
002837.xml,phs002837,
002838.xml,phs002838,
002839.xml,phs002839,
002840.xml,phs002840,26
002841.xml,phs002841,2300
002842.xml,phs002842,1000
002843.xml,phs002843,
002844.xml,phs002844,705
002845.xml,phs002845,190
002846.xml,phs002846,663
002847.xml,phs002847,50
002848.xml,phs002848,
002849.xml,phs002849,36
002850.xml,phs002850,120
002851.xml,phs002851,200
002852.xml,phs002852,54
002853.xml,phs002853,
002854.xml,phs002854,10
002855.xml,phs002855,174
002856.xml,phs002856,2570
002857.xml,phs002857,79
002858.xml,phs002858,140
002859.xml,phs002859,31
002860.xml,phs002860,100
002861.xml,phs002861,207
002862.xml,phs002862,5
002863.xml,phs002863,5646
002864.xml,phs002864,28
002865.xml,phs002865,70
002866.xml,phs002866,124
002867.xml,phs002867,8530
002868.xml,phs002868,1400
002869.xml,phs002869,6000
002870.xml,phs002870,1000
002871.xml,phs002871,35000
002872.xml,phs002872,125000
002873.xml,phs002873,
002874.xml,phs002874,2930
002875.xml,phs002875,487
002876.xml,phs002876,
002877.xml,phs002877,17
002878.xml,phs002878,9000
002879.xml,phs002879,
002880.xml,phs002880,4
002881.xml,phs002881,67
002882.xml,phs002882,700
002883.xml,phs002883,
002884.xml,phs002884,
002885.xml,phs002885,
002886.xml,phs002886,
002887.xml,phs002887,
002888.xml,phs002888,
002889.xml,phs002889,
002890.xml,phs002890,
002891.xml,phs002891,
002892.xml,phs002892,
002893.xml,phs002893,
002894.xml,phs002894,
002895.xml,phs002895,
002896.xml,phs002896,
002897.xml,phs002897,
002898.xml,phs002898,
002899.xml,phs002899,
002900.xml,phs002900,
002901.xml,phs002901,
002902.xml,phs002902,35
002903.xml,phs002903,12
002904.xml,phs002904,3000
002905.xml,phs002905,420
002906.xml,phs002906,
002907.xml,phs002907,1697
002908.xml,phs002908,11479
002909.xml,phs002909,
002910.xml,phs002910,3783
002911.xml,phs002911,3457
002912.xml,phs002912,300
002913.xml,phs002913,411
002914.xml,phs002914,36
002915.xml,phs002915,
002916.xml,phs002916,30
002917.xml,phs002917,300
002918.xml,phs002918,449
002919.xml,phs002919,10124
002920.xml,phs002920,128
002921.xml,phs002921,1035
002922.xml,phs002922,32
002923.xml,phs002923,12
002924.xml,phs002924,50
002925.xml,phs002925,209
002926.xml,phs002926,60
002927.xml,phs002927,18
002928.xml,phs002928,37
002929.xml,phs002929,5000
002930.xml,phs002930,200
002931.xml,phs002931,2
002932.xml,phs002932,200
002933.xml,phs002933,24
002934.xml,phs002934,379
002935.xml,phs002935,120
002936.xml,phs002936,200
002937.xml,phs002937,150
002938.xml,phs002938,8863
002939.xml,phs002939,1505
002940.xml,phs002940,5288
002941.xml,phs002941,375
